network,algorithm,avgE2eDelayMs,avgEncMs,avgDecMs,totalEnergy,avgOverhead
BLE,ASCON-128,4696.654659805603,0.520000000000001,0.4799999999999992,277041.60000000015,16.0
BLE,ChaCha20-Poly1305,4696.654659805603,0.4500000000000005,0.3999999999999993,302227.2000000001,16.0
BLE,SIMON,4696.654659805603,0.30000000000000043,0.28000000000000036,184694.39999999967,8.0
WPAN,ASCON-128,2147.1657285803626,0.5200000000000009,0.47999999999999937,253281.60000000003,16.0
WPAN,ChaCha20-Poly1305,2147.1657285803626,0.45000000000000023,0.3999999999999993,276307.19999999995,16.0
WPAN,SIMON,2147.1657285803626,0.30000000000000043,0.2800000000000003,168854.39999999973,8.0
