network,algorithm,accepted,rejected,mitmSuccessRate,avgE2eDelayMs,avgEncMs,avgDecMs,totalSensorEnergy,totalAcEnergy,avgOverhead
BLE,ASCON-128,247782,591738,0.021645527369826435,4696.654659805603,0.520000000000001,0.4799999999999992,142718.40000000005,134323.2000000001,16.0
BLE,ChaCha20-Poly1305,247782,591738,0.021645527369826435,4696.654659805603,0.4500000000000005,0.3999999999999993,159508.80000000008,142718.40000000005,16.0
BLE,SIMON,247782,591738,0.021645527369826435,4696.654659805603,0.30000000000000043,0.28000000000000036,100742.39999999983,83951.99999999985,8.0
WPAN,ASCON-128,247812,519708,0.027170283806343908,2147.1657285803626,0.5200000000000009,0.47999999999999937,130478.39999999997,122803.20000000008,16.0
WPAN,ChaCha20-Poly1305,247812,519708,0.027170283806343908,2147.1657285803626,0.45000000000000023,0.3999999999999993,145828.8,130478.39999999997,16.0
WPAN,SIMON,247812,519708,0.027170283806343908,2147.1657285803626,0.30000000000000043,0.2800000000000003,92102.39999999988,76751.99999999987,8.0
